[
  {
    "name": "GROUP_EGG_BIRD_WILD",
    "type": "monstergroup",
    "default": "mon_grouse_chick",
    "monsters": [
      { "monster": "mon_grouse_chick", "freq": 50, "cost_multiplier": 1 },
      { "monster": "mon_chicken_chick", "freq": 100, "cost_multiplier": 1 },
      { "monster": "mon_turkey_chick", "freq": 250, "cost_multiplier": 1 },
      { "monster": "mon_pheasant_chick", "freq": 250, "cost_multiplier": 1 },
      { "monster": "mon_duck_chick", "freq": 150, "cost_multiplier": 1 },
      { "monster": "mon_goose_canadian_chick", "freq": 100, "cost_multiplier": 1 },
      { "monster": "mon_rattlesnake", "freq": 75, "cost_multiplier": 1 }
    ]
  },
  {
    "name": "GROUP_EGG_CHICKEN",
    "type": "monstergroup",
    "default": "mon_chicken_chick",
    "monsters": [ { "monster": "mon_chicken_chick", "freq": 100, "cost_multiplier": 1 } ]
  },
  {
    "name": "GROUP_EGG_GROUSE",
    "type": "monstergroup",
    "default": "mon_grouse_chick",
    "monsters": [ { "monster": "mon_grouse_chick", "freq": 100, "cost_multiplier": 1 } ]
  },
  {
    "name": "GROUP_EGG_CROW",
    "type": "monstergroup",
    "default": "mon_crow_chick",
    "monsters": [ { "monster": "mon_crow_chick", "freq": 100, "cost_multiplier": 1 } ]
  },
  {
    "name": "GROUP_EGG_DUCK",
    "type": "monstergroup",
    "default": "mon_duck_chick",
    "monsters": [ { "monster": "mon_duck_chick", "freq": 100, "cost_multiplier": 1 } ]
  },
  {
    "name": "GROUP_EGG_GOOSE_CANADIAN",
    "type": "monstergroup",
    "default": "mon_goose_canadian_chick",
    "monsters": [ { "monster": "mon_goose_canadian_chick", "freq": 100, "cost_multiplier": 1 } ]
  },
  {
    "name": "GROUP_EGG_TURKEY",
    "type": "monstergroup",
    "default": "mon_turkey_chick",
    "monsters": [ { "monster": "mon_turkey_chick", "freq": 100, "cost_multiplier": 1 } ]
  },
  {
    "name": "GROUP_EGG_PHEASANT",
    "type": "monstergroup",
    "default": "mon_pheasant_chick",
    "monsters": [ { "monster": "mon_pheasant_chick", "freq": 100, "cost_multiplier": 1 } ]
  },
  {
    "name": "GROUP_EGG_COCKATRICE",
    "type": "monstergroup",
    "default": "mon_cockatrice_chick",
    "monsters": [ { "monster": "mon_cockatrice_chick", "freq": 1, "cost_multiplier": 1 } ]
  },
  {
    "name": "GROUP_EGG_SNAKE",
    "type": "monstergroup",
    "default": "mon_rattlesnake",
    "monsters": [ { "monster": "mon_rattlesnake", "freq": 100, "cost_multiplier": 1 } ]
  },
  {
    "name": "GROUP_EGG_ROACH",
    "type": "monstergroup",
    "default": "mon_giant_cockroach_nymph",
    "monsters": [ { "monster": "mon_giant_cockroach_nymph", "freq": 10, "cost_multiplier": 1 } ]
  },
  {
    "name": "GROUP_EGG_ROACH_PLAGUE",
    "type": "monstergroup",
    "default": "mon_plague_nymph",
    "monsters": [ { "monster": "mon_plague_nymph", "freq": 10, "cost_multiplier": 1 } ]
  },
  {
    "name": "GROUP_EGG_LOCUST",
    "type": "monstergroup",
    "default": "mon_locust_nymph",
    "monsters": [ { "monster": "mon_locust_nymph", "freq": 10, "cost_multiplier": 1 } ]
  },
  {
    "name": "GROUP_EGG_FIREFLY",
    "type": "monstergroup",
    "default": "mon_firefly",
    "monsters": [ { "monster": "mon_firefly", "freq": 1000, "cost_multiplier": 1 } ]
  },
  {
    "name": "GROUP_EGG_ANT",
    "type": "monstergroup",
    "default": "mon_ant_larva",
    "monsters": [ { "monster": "mon_ant_larva", "freq": 10, "cost_multiplier": 1 } ]
  },
  {
    "name": "GROUP_EGG_CENTIPEDE",
    "type": "monstergroup",
    "default": "mon_centipede_small",
    "monsters": [ { "monster": "mon_centipede_small", "freq": 1000, "cost_multiplier": 1 } ]
  },
  {
    "name": "GROUP_EGG_DRAGONFLY",
    "type": "monstergroup",
    "default": "mon_null",
    "monsters": [
      { "monster": "mon_dragonfly_naiad", "freq": 500, "cost_multiplier": 1, "conditions": [ "SPRING", "SUMMER", "AUTUMN" ] },
      { "monster": "mon_dragonfly_naiad", "freq": 500, "cost_multiplier": 1, "conditions": [ "SUMMER" ] }
    ]
  },
  {
    "name": "GROUP_EGG_SPIDER",
    "type": "monstergroup",
    "default": "mon_null",
    "monsters": [
      { "monster": "mon_spider_wolf_spiderling", "freq": 250, "cost_multiplier": 1 }, 
      { "monster": "mon_spider_widow_giant_s", "freq": 250, "cost_multiplier": 1 },
	  { "monster": "mon_spider_cellar_giant_s", "freq": 250, "cost_multiplier": 1 },
	  { "monster": "mon_spider_jumping_spiderling", "freq": 250, "cost_multiplier": 1 },
	  { "monster": "mon_spider_trapdoor_spiderling", "freq": 250, "cost_multiplier": 1 },
	  { "monster": "mon_spider_web_spiderling", "freq": 250, "cost_multiplier": 1 }
    ]
  }
]
