[
  {
    "id": "mon_dark_wyrm",
    "type": "MONSTER",
    "name": { "str": "dark wyrm" },
    "description": "A huge mutated worm found deep underground.  It has a gaping round mouth lined with dagger-like teeth, and its flesh is slick with bubbling blue slime.",
    "default_faction": "mutant",
    "bodytype": "snake",
    "species": [ "MUTANT" ],
    "volume": "92500 ml",
    "weight": "120 kg",
    "hp": 120,
    "speed": 100,
    "material": [ "flesh" ],
    "symbol": "S",
    "color": "blue",
    "aggression": 100,
    "morale": 100,
    "melee_skill": 8,
    "melee_dice": 2,
    "melee_dice_sides": 6,
    "melee_cut": 4,
    "dodge": 4,
    "armor_bash": 6,
    "harvest": "arachnid_acid",
    "death_function": [ "NORMAL" ],
    "flags": [ "SMELLS", "HEARS", "GOODHEARING", "BASHES", "BORES", "POISON", "SUNDEATH", "ACIDPROOF", "ACIDTRAIL" ]
  },
  {
    "id": "mon_graboid",
    "type": "MONSTER",
    "name": { "str": "graboid" },
    "description": "A monstrous beast the size of a semi truck with a tripartite mouth that opens to reveal hundreds of writhing tongues with razor sharp edges.  It keeps most of its enormous body hidden underground.",
    "default_faction": "worm",
    "bodytype": "snake",
    "species": [ "WORM" ],
    "volume": "875000 ml",
    "weight": "200 kg",
    "hp": 210,
    "speed": 180,
    "material": [ "flesh" ],
    "symbol": "W",
    "color": "white",
    "aggression": 40,
    "morale": 120,
    "melee_skill": 5,
    "melee_dice": 3,
    "melee_dice_sides": 12,
    "melee_cut": 6,
    "armor_bash": 12,
    "armor_cut": 8,
    "armor_bullet": 6,
    "harvest": "meatslug",
    "death_function": [ "WORM" ],
    "flags": [ "DIGS", "HEARS", "POISON", "GOODHEARING", "BASHES", "DESTROYS" ]
  },
  {
    "id": "mon_halfworm",
    "type": "MONSTER",
    "name": { "str": "half worm" },
    "description": "A squiggling severed portion of a wounded giant worm.",
    "default_faction": "worm",
    "bodytype": "snake",
    "species": [ "WORM" ],
    "volume": "62500 ml",
    "weight": "81500 g",
    "hp": 20,
    "speed": 80,
    "material": [ "flesh" ],
    "symbol": "s",
    "color": "pink",
    "aggression": 10,
    "morale": 40,
    "melee_skill": 4,
    "melee_dice": 2,
    "melee_dice_sides": 6,
    "melee_cut": 0,
    "armor_bash": 2,
    "harvest": "mutant_meatslug",
    "death_function": [ "NORMAL" ],
    "upgrades": { "age_grow": 10, "into": "mon_worm" },
    "flags": [ "DIGS", "HEARS", "GOODHEARING" ]
  },
  {
    "id": "mon_worm",
    "type": "MONSTER",
    "name": { "str": "giant worm" },
    "description": "A huge, mutated creature that might once have been a nightcrawler.  It possesses a large fanged mouth and a long slender body that comes up to your shoulder, with even more surely hiding underground.",
    "default_faction": "worm",
    "bodytype": "snake",
    "species": [ "WORM" ],
    "volume": "92500 ml",
    "weight": "120 kg",
    "hp": 50,
    "speed": 80,
    "material": [ "flesh" ],
    "symbol": "W",
    "color": "pink",
    "aggression": 30,
    "morale": 100,
    "melee_skill": 4,
    "melee_dice": 4,
    "melee_dice_sides": 6,
    "melee_cut": 3,
    "armor_bash": 2,
    "harvest": "mutant_meatslug",
    "death_function": [ "WORM" ],
    "upgrades": { "half_life": 20, "into": "mon_graboid" },
    "flags": [ "DIGS", "HEARS", "GOODHEARING" ]
  },
  {
    "id": "mon_worm_small",
    "type": "MONSTER",
    "name": { "str": "large worm" },
    "description": "A disturbingly large mutated subterranean creature similar to a nightcrawler.  It possesses a fanged mouth and a long slender body that comes up to your knees, with even more surely hiding underground.",
    "copy-from": "mon_halfworm",
    "looks_like": "mon_worm",
    "upgrades": { "half_life": 14, "into": "mon_worm" }
  },
  {
    "id": "mon_large_cockroach",
    "type": "MONSTER",
    "name": { "str": "huge cockroach", "str_pl": "huge cockroaches" },
    "description": "A mutant cockroach the size of a small dog.",
    "copy-from": "mon_giant_cockroach",
    "proportional": { "hp": 0.5, "speed": 1.1, "morale": 0.67, "melee_dice_sides": 0.67 },
    "volume": "15 L",
    "weight": "20 kg",
    "upgrades": { "half_life": 14, "into": "mon_giant_cockroach" }
  },
  {
    "id": "mon_skittering_plague",
    "type": "MONSTER",
    "name": { "str": "skittering plague" },
    "description": "A giant infected roach, it has been feeding on the undead.",
    "default_faction": "roach",
    "bodytype": "insect",
    "species": [ "INSECT" ],
    "diff": 2,
    "volume": "30 L",
    "weight": "40750 g",
    "hp": 30,
    "speed": 120,
    "material": [ "iflesh" ],
    "symbol": "a",
    "color": "brown",
    "aggression": -99,
    "morale": -8,
    "melee_skill": 4,
    "melee_dice": 1,
    "melee_dice_sides": 6,
    "melee_cut": 3,
    "dodge": 1,
    "armor_bash": 5,
    "armor_cut": 7,
    "armor_bullet": 6,
    "vision_day": 5,
    "vision_night": 5,
    "harvest": "arachnid_tainted",
    "reproduction": { "baby_egg": "egg_roach_plague", "baby_count": 1, "baby_timer": 7 },
    "baby_flags": [ "SPRING", "SUMMER", "AUTUMN" ],
    "biosignature": { "biosig_item": "feces_roach", "biosig_timer": 3 },
    "upgrades": { "age_grow": 7, "into": "mon_plague_vector" },
    "anger_triggers": [ "FRIEND_ATTACKED", "PLAYER_WEAK" ],
    "death_function": [ "NORMAL" ],
    "special_attacks": [ [ "EAT_FOOD", 60 ] ],
    "flags": [ "SEES", "HEARS", "SMELLS", "CLIMBS", "POISON", "STUMBLES", "PATH_AVOID_FIRE" ]
  },
  {
    "id": "mon_plague_nymph",
    "type": "MONSTER",
    "name": { "str": "plague nymph" },
    "description": "An infected mutant cockroach about the size of a rat.",
    "default_faction": "roach",
    "bodytype": "insect",
    "species": [ "INSECT", "ZOMBIE" ],
    "diff": 2,
    "volume": "750 ml",
    "weight": "1 kg",
    "hp": 3,
    "speed": 100,
    "material": [ "iflesh" ],
    "symbol": "a",
    "color": "brown",
    "aggression": -99,
    "morale": -8,
    "melee_skill": 1,
    "melee_dice": 1,
    "melee_dice_sides": 3,
    "dodge": 3,
    "melee_cut": 0,
    "vision_day": 10,
    "vision_night": 3,
    "harvest": "arachnid_tainted",
    "upgrades": { "age_grow": 7, "into": "mon_skittering_plague" },
    "death_function": [ "NORMAL" ],
    "special_attacks": [ [ "EAT_FOOD", 120 ] ],
    "flags": [ "SEES", "HEARS", "SMELLS", "CLIMBS", "POISON", "LARVA", "STUMBLES", "FILTHY", "PATH_AVOID_FIRE" ]
  },
  {
    "id": "mon_plague_vector",
    "type": "MONSTER",
    "name": { "str": "plague vector" },
    "description": "This infected roach has been feeding on the undead and started to mutate chaotically.  Extra limbs and growths sprout from its thorax.",
    "default_faction": "roach",
    "bodytype": "insect",
    "species": [ "INSECT" ],
    "diff": 2,
    "volume": "30 L",
    "weight": "40750 g",
    "hp": 70,
    "speed": 100,
    "material": [ "iflesh" ],
    "symbol": "a",
    "color": "brown",
    "aggression": 50,
    "morale": 60,
    "melee_skill": 5,
    "melee_dice": 2,
    "melee_dice_sides": 6,
    "melee_cut": 7,
    "dodge": 1,
    "armor_bash": 5,
    "armor_cut": 10,
    "armor_bullet": 8,
    "vision_day": 5,
    "vision_night": 5,
    "harvest": "arachnid_tainted",
    "reproduction": { "baby_egg": "egg_roach_plague", "baby_count": 3, "baby_timer": 5 },
    "baby_flags": [ "SPRING", "SUMMER", "AUTUMN" ],
    "biosignature": { "biosig_item": "feces_roach", "biosig_timer": 3 },
    "anger_triggers": [ "FRIEND_ATTACKED", "PLAYER_WEAK" ],
    "death_function": [ "NORMAL" ],
    "special_attacks": [ [ "EAT_FOOD", 40 ] ],
    "flags": [ "SEES", "HEARS", "SMELLS", "CLIMBS", "POISON", "STUMBLES", "PATH_AVOID_FIRE" ]
  },
  {
    "id": "mon_giant_cockroach",
    "type": "MONSTER",
    "name": { "str": "giant cockroach", "str_pl": "giant cockroaches" },
    "description": "A mutant cockroach the size of a dog.",
    "default_faction": "roach",
    "bodytype": "insect",
    "species": [ "INSECT" ],
    "volume": "30 L",
    "weight": "40750 g",
    "hp": 40,
    "speed": 100,
    "material": [ "iflesh" ],
    "symbol": "a",
    "color": "brown",
    "aggression": 30,
    "morale": 60,
    "melee_skill": 5,
    "melee_dice": 1,
    "melee_dice_sides": 6,
    "melee_cut": 3,
    "dodge": 1,
    "armor_bash": 5,
    "armor_cut": 10,
    "armor_bullet": 8,
    "vision_day": 5,
    "vision_night": 5,
    "harvest": "arachnid",
    "reproduction": { "baby_egg": "egg_roach", "baby_count": 1, "baby_timer": 7 },
    "baby_flags": [ "SPRING", "SUMMER", "AUTUMN" ],
    "biosignature": { "biosig_item": "feces_roach", "biosig_timer": 3 },
    "upgrades": { "age_grow": 7, "into": "mon_pregnant_giant_cockroach" },
    "death_function": [ "NORMAL" ],
    "special_attacks": [ [ "EAT_FOOD", 60 ] ],
    "flags": [ "SEES", "HEARS", "SMELLS", "CLIMBS", "PATH_AVOID_FIRE" ]
  },
  {
    "id": "mon_giant_cockroach_nymph",
    "type": "MONSTER",
    "name": { "str": "giant cockroach nymph" },
    "description": "A baby mutant cockroach about the size of a rat.",
    "default_faction": "roach",
    "bodytype": "insect",
    "species": [ "INSECT" ],
    "volume": "750 ml",
    "weight": "1 kg",
    "hp": 10,
    "speed": 50,
    "material": [ "iflesh" ],
    "diff": 1,
    "symbol": "a",
    "color": "brown",
    "aggression": -99,
    "morale": -8,
    "melee_skill": 3,
    "melee_dice": 2,
    "melee_dice_sides": 3,
    "melee_cut": 0,
    "vision_day": 10,
    "vision_night": 3,
    "harvest": "arachnid",
    "upgrades": { "age_grow": 7, "into": "mon_giant_cockroach" },
    "death_function": [ "NORMAL" ],
    "special_attacks": [ [ "EAT_FOOD", 120 ] ],
    "flags": [ "SEES", "HEARS", "SMELLS", "LARVA", "CLIMBS", "PATH_AVOID_FIRE" ]
  },
  {
    "id": "mon_pregnant_giant_cockroach",
    "type": "MONSTER",
    "name": { "str": "pregnant giant cockroach", "str_pl": "pregnant giant cockroaches" },
    "description": "A mutant cockroach the size of a small dog.  Its abdomen is heavily swollen.",
    "default_faction": "roach",
    "bodytype": "insect",
    "species": [ "INSECT" ],
    "diff": 2,
    "volume": "30 L",
    "weight": "40750 g",
    "hp": 40,
    "speed": 100,
    "material": [ "iflesh" ],
    "symbol": "a",
    "color": "brown",
    "aggression": 30,
    "morale": 60,
    "melee_skill": 5,
    "melee_dice": 1,
    "melee_dice_sides": 6,
    "melee_cut": 3,
    "dodge": 1,
    "armor_bash": 5,
    "armor_cut": 10,
    "armor_bullet": 8,
    "vision_day": 5,
    "vision_night": 5,
    "harvest": "arachnid",
    "reproduction": { "baby_egg": "egg_roach", "baby_count": 3, "baby_timer": 7 },
    "baby_flags": [ "SPRING", "SUMMER", "AUTUMN" ],
    "biosignature": { "biosig_item": "feces_roach", "biosig_timer": 3 },
    "death_function": [ "NORMAL", "PREG_ROACH" ],
    "special_attacks": [ [ "EAT_FOOD", 40 ] ],
    "flags": [ "SEES", "HEARS", "SMELLS", "CLIMBS", "PATH_AVOID_FIRE" ]
  },
  {
    "id": "mon_bee_small",
    "type": "MONSTER",
    "name": { "str": "huge bee" },
    "description": "A mutant bee the size of a small dog.",
    "copy-from": "mon_bee",
    "proportional": { "hp": 0.5, "speed": 1.1, "morale": 0.67, "melee_dice_sides": 0.67 },
    "attack_effs": [ { "id": "venom_weaken", "duration": 75 } ],
    "volume": "15 L",
    "weight": "20 kg",
    "upgrades": { "half_life": 14, "into": "mon_bee" }
  },
  {
    "id": "mon_bee",
    "type": "MONSTER",
    "name": { "str": "giant bee" },
    "description": "With a stinger the size of a kitchen knife, this dog-sized insect's black and yellow markings warn you to leave it undisturbed.",
    "default_faction": "bee",
    "bodytype": "flying insect",
    "species": [ "INSECT_FLYING" ],
    "diff": 2,
    "volume": "30 L",
    "weight": "40750 g",
    "hp": 30,
    "speed": 140,
    "material": [ "iflesh" ],
    "symbol": "a",
    "color": "yellow",
    "aggression": -10,
    "morale": 20,
    "melee_skill": 4,
    "melee_dice": 2,
    "melee_dice_sides": 6,
    "melee_cut": 4,
    "attack_effs": [ { "id": "venom_weaken", "duration": 150 } ],
    "//": "21 hits to max intensity, 25 hits to max duration",
    "dodge": 4,
    "armor_bash": 4,
    "armor_cut": 6,
    "armor_bullet": 5,
    "vision_day": 10,
    "vision_night": 5,
    "harvest": "arachnid_bee",
    "anger_triggers": [ "HURT", "FRIEND_DIED", "PLAYER_CLOSE" ],
    "death_function": [ "NORMAL" ],
    "upgrades": { "half_life": 21, "into": "mon_bee_mega" },
    "flags": [ "SEES", "SMELLS", "FLIES", "STUMBLES", "SWARMS", "GROUP_MORALE", "CANPLAY", "PATH_AVOID_FIRE", "LOUDMOVES" ]
  },
  {
    "id": "mon_bee_mega",
    "type": "MONSTER",
    "name": { "str": "alpha bee" },
    "description": "An enormous mutant bee with black and white markings and a long stinger spelling doom.",
    "copy-from": "mon_bee",
    "proportional": { "hp": 20, "speed": 0.25, "vision_day": 2 },
    "volume": "625 L",
    "weight": "815 kg",
    "melee_dice": 3,
    "dodge": 2,
    "special_attacks": [ { "id": "impale" } ],
    "extend": { "flags": [ "DESTROYS", "PUSH_MON", "PUSH_VEH" ] }
  },
  {
    "id": "mon_centipede_small",
    "type": "MONSTER",
    "name": { "str": "centipede" },
    "description": "A brightly colored mutant centipede the size of a small dog, skittering quickly in the underbrush.  Probably won't think you're suitable prey, but beware its venom.",
    "symbol": "a",
    "color": "light_green",
    "copy-from": "mon_centipede_giant",
    "volume": "15 L",
    "weight": "20 kg",
    "hp": 30,
    "speed": 115,
    "attack_cost": 115,
    "aggression": 0,
    "morale": 0,
    "melee_skill": 5,
    "melee_dice_sides": 3,
    "special_attacks": [
      {
        "type": "bite",
        "cooldown": 10,
        "move_cost": 115,
        "damage_max_instance": [ { "damage_type": "stab", "amount": 2, "armor_penetration": 8 } ],
        "min_mul": 3,
        "max_mul": 5.4,
        "//": "Bite does 6-10 dmg, armor penetration 5, 8 hits to max venom intensity",
        "effects": [ { "id": "venom_dmg", "duration": 250, "affect_hit_bp": true } ]
      }
    ],
    "dodge": 4,
    "armor_bash": 1,
    "armor_cut": 3,
    "armor_bullet": 2,
    "armor_stab": 2,
    "anger_triggers": [ "PLAYER_CLOSE" ],
    "fear_triggers": [ "HURT" ],
    "upgrades": { "age_grow": 30, "into_group": "GROUP_CENTIPEDE_ADULT" }
  },
  {
    "id": "mon_centipede_giant",
    "type": "MONSTER",
    "name": { "str": "giant centipede" },
    "description": "A two meter long centipede with a menacing set of venom-dripping mandibles and a worrying number of grabbing appendages, moving swiftly on dozens of spindly legs.  It has a pair of small compound eyes, but seems to mostly orient itself with its antennae.",
    "symbol": "a",
    "color": "light_green",
    "default_faction": "centipede",
    "bodytype": "insect",
    "material": [ "iflesh" ],
    "species": [ "CENTIPEDE" ],
    "volume": "80 L",
    "weight": "110 kg",
    "hp": 110,
    "speed": 110,
    "attack_cost": 110,
    "aggression": 9,
    "morale": 20,
    "melee_skill": 6,
    "melee_dice": 2,
    "melee_dice_sides": 6,
    "melee_cut": 5,
    "special_attacks": [
      [ "GRAB", 5 ],
      {
        "type": "bite",
        "cooldown": 3,
        "move_cost": 110,
        "damage_max_instance": [ { "damage_type": "stab", "amount": 10, "armor_penetration": 12 } ],
        "min_mul": 1,
        "max_mul": 2.1,
        "no_infection_chance": 25,
        "effects": [ { "id": "venom_dmg", "duration": 500, "affect_hit_bp": true } ]
      }
    ],
    "//": "10-20 dmg, 4 hits to max intensity, 5 hits to max duration",
    "dodge": 2,
    "armor_bash": 10,
    "armor_cut": 15,
    "armor_bullet": 8,
    "armor_stab": 10,
    "vision_day": 9,
    "vision_night": 6,
    "anger_triggers": [ "STALK", "PLAYER_CLOSE" ],
    "harvest": "arachnid_centipede",
    "death_function": [ "NORMAL" ],
    "upgrades": { "age_grow": 15, "into_group": "GROUP_CENTIPEDE_GIANT" },
    "flags": [ "CLIMBS", "SEES", "SMELLS", "KEENNOSE", "HEARS", "GOODHEARING", "PATH_AVOID_FIRE" ]
  },
  {
    "id": "mon_centipede_mom",
    "type": "MONSTER",
    "name": { "str": "centipede matriarch" },
    "description": "A giant centipede grown even larger, hind segments curled up to protect a huge clump of eggs and its children of different ages.  Sometimes one of its young gets shaken off by its clutchmates and disappears into the underbrush.",
    "symbol": "A",
    "color": "green",
    "copy-from": "mon_centipede_giant",
    "hp": 200,
    "volume": "300 L",
    "weight": "400 kg",
    "speed": 60,
    "aggression": 0,
    "morale": 10,
    "melee_skill": 3,
    "melee_dice_sides": 5,
    "special_attacks": [
      [ "GRAB", 8 ],
      {
        "type": "bite",
        "move_cost": 120,
        "cooldown": 5,
        "damage_max_instance": [ { "damage_type": "stab", "amount": 10, "armor_penetration": 12 } ],
        "min_mul": 1,
        "max_mul": 2.1,
        "no_infection_chance": 25,
        "effects": [ { "id": "venom_dmg", "duration": 500, "affect_hit_bp": true } ]
      },
      {
        "type": "spell",
        "spell_data": { "id": "centipede_mom_summon" },
        "monster_message": "A small centipede is shaken off in the struggle!",
        "cooldown": 20
      }
    ],
    "dodge": 0,
    "proportional": { "vision_day": 0.5, "vision_night": 0.5 },
    "anger_triggers": [ "HURT", "PLAYER_CLOSE" ],
    "harvest": "arachnid_centipede_mom",
    "reproduction": { "baby_monster": "mon_centipede_small", "baby_count": 2, "baby_timer": 10 },
    "baby_flags": [ "SPRING", "SUMMER", "AUTUMN" ],
    "upgrades": { "age_grow": 15, "into_group": "GROUP_CENTIPEDE_MOM" },
    "delete": { "flags": [ "KEENNOSE", "GOODHEARING" ] }
  },
  {
    "id": "mon_centipede_mega",
    "type": "MONSTER",
    "name": { "str": "armored centipede" },
    "description": "A huge mutated centipede covered in interlocking chitinous plates of metallic grey, reminding you more of a runaway train car than any living animal.  Its mandibles end in jagged points, seemingly specialised to hunt prey at least as well-armored as itself.  You really don't want to try if you'd fare better.",
    "symbol": "A",
    "color": "dark_gray",
    "default_faction": "centipede",
    "bodytype": "insect",
    "material": [ "iflesh" ],
    "species": [ "CENTIPEDE" ],
    "volume": "950 L",
    "weight": "2500 kg",
    "hp": 850,
    "speed": 110,
    "attack_cost": 110,
    "aggression": 100,
    "regen_morale": true,
    "melee_skill": 6,
    "melee_dice": 3,
    "melee_dice_sides": 6,
    "melee_damage": [ { "damage_type": "stab", "amount": 15, "armor_penetration": 25 } ],
    "special_attacks": [
      [ "GRAB_DRAG", 12 ],
      {
        "type": "bite",
        "cooldown": 5,
        "move_cost": 100,
        "damage_max_instance": [ { "damage_type": "stab", "amount": 20, "armor_penetration": 110 } ],
        "min_mul": 0.8,
        "max_mul": 1.1,
        "no_infection_chance": 30,
        "effects": [ { "id": "venom_dmg", "duration": 750, "affect_hit_bp": true } ]
      }
    ],
    "//": "3 hits to max intensity, 4 to max duration",
    "armor_bash": 25,
    "armor_bullet": 45,
    "armor_cut": 35,
    "armor_stab": 15,
    "vision_day": 12,
    "vision_night": 7,
    "anger_triggers": [ "STALK", "PLAYER_WEAK", "HURT" ],
    "harvest": "arachnid_centipede_mega",
    "flags": [ "SEES", "SMELLS", "KEENNOSE", "HEARS", "GOODHEARING", "PATH_AVOID_FIRE", "DESTROYS", "PUSH_MON", "PUSH_VEH" ]
  },
  {
    "id": "mon_dragonfly_naiad",
    "type": "MONSTER",
    "name": { "str": "huge dragonfly naiad" },
    "description": "The predatory, aquatic larva of a dragonfly, normally barely a centimeter long and feeding on small fishes, grown to the size of a catfish.  Underneath its sharp mandibles you can see that its folded lower jaw changed into something resemblig a barbed spear.",
    "species": [ "INSECT" ],
    "bodytype": "insect",
    "material": [ "iflesh" ],
    "volume": "10 L",
    "weight": "15 kg",
    "hp": 40,
    "speed": 100,
    "symbol": "y",
    "color": "light_gray",
    "default_faction": "aquatic_predator",
    "aggression": 10,
    "melee_skill": 5,
    "melee_dice": 1,
    "melee_dice_sides": 6,
    "melee_cut": 5,
    "special_attacks": [ [ "STRETCH_ATTACK", 25 ] ],
    "dodge": 3,
    "vision_day": 10,
    "vision_night": 5,
    "harvest": "arachnid",
    "anger_triggers": [ "PLAYER_CLOSE" ],
    "fear_triggers": [ "HURT" ],
    "death_function": [ "NORMAL" ],
    "flags": [ "AQUATIC", "SEES" ],
    "upgrades": { "age_grow": 24, "into": "mon_dragonfly_giant" }
  },
  {
    "id": "mon_dragonfly_giant",
    "type": "MONSTER",
    "name": { "str": "giant dragonfly", "str_pl": "giant dragonflies" },
    "description": "A ferocious, bright green dragonfly, still lightning-fast despite growing to the size of a schoolchild.  Its head is little more than a basketball-sized pair of rainbow compound eyes, and its legs - already specialized for grasping prey - end in curved talons.",
    "default_faction": "dragonfly",
    "bodytype": "flying insect",
    "species": [ "INSECT_FLYING" ],
    "volume": "40 L",
    "weight": "40750 g",
    "hp": 50,
    "speed": 150,
    "material": [ "iflesh" ],
    "symbol": "y",
    "color": "light_green",
    "aggression": 20,
    "morale": 10,
    "melee_skill": 5,
    "melee_dice": 1,
    "melee_dice_sides": 6,
    "melee_damage": [ { "damage_type": "cut", "amount": 8, "armor_penetration": 10 } ],
    "special_attacks": [
      [ "GRAB", 100 ],
      {
        "type": "bite",
        "cooldown": 6,
        "accuracy": 5,
        "move_cost": 300,
        "damage_max_instance": [ { "damage_type": "cut", "amount": 6, "armor_penetration": 20 } ]
      }
    ],
    "dodge": 2,
    "vision_day": 45,
    "vision_night": 5,
    "harvest": "arachnid_flying",
    "anger_triggers": [ "PLAYER_WEAK", "STALK" ],
    "fear_triggers": [ "HURT" ],
    "death_function": [ "NORMAL" ],
    "upgrades": { "age_grow": 40, "into": "mon_dragonfly_mega" },
    "flags": [ "SWARMS", "HEARS", "SEES", "FLIES", "PATH_AVOID_FIRE", "LOUDMOVES" ]
  },
  {
    "id": "mon_dragonfly_mega",
    "type": "MONSTER",
    "name": { "str_sp": "fused dragonflies" },
    "description": "What appears to be a single, enormous insect with a swollen abdomen is actually the amalgamation of two dragonflies, bodies still locked into a telltale heart shape.  The remains of their wings and abdomens form an egg sac they sluggishly pull between them, periodically dropping a handful of glistening eggs.",
    "volume": "600 L",
    "weight": "800 kg",
    "default_faction": "dragonfly",
    "bodytype": "insect",
    "species": [ "INSECT" ],
    "hp": 1100,
    "speed": 100,
    "material": [ "iflesh" ],
    "symbol": "Y",
    "color": "light_green",
    "aggression": 20,
    "morale": 80,
    "melee_skill": 7,
    "melee_dice": 3,
    "melee_dice_sides": 8,
    "melee_cut": 15,
    "special_attacks": [
      {
        "type": "bite",
        "cooldown": 6,
        "damage_max_instance": [ { "damage_type": "cut", "amount": 40, "armor_penetration": 20 } ]
      }
    ],
    "vision_day": 30,
    "vision_night": 5,
    "harvest": "arachnid_dragonfly_mega",
    "anger_triggers": [ "PLAYER_WEAK", "STALK" ],
    "death_function": [ "NORMAL" ],
    "reproduction": { "baby_egg": "egg_dragonfly", "baby_count": 3, "baby_timer": 1 },
    "baby_flags": [ "SPRING", "SUMMER", "AUTUMN" ],
    "flags": [ "SEES", "HEARS", "SMELLS", "STUMBLES", "SWIMS", "BASHES", "PUSH_MON", "PUSH_VEH" ]
  },
  {
    "id": "mon_firefly",
    "type": "MONSTER",
    "name": { "str": "firefly", "str_pl": "fireflies" },
    "description": "A mutated firefly grown to the size of a large housecat, brightly glowing abdomen bobbing up and down as it tries to impress its unseen mate.  It looks strangely uninterested in you and everything else.",
    "bodytype": "flying insect",
    "species": [ "INSECT" ],
    "default_faction": "insect",
    "material": [ "iflesh" ],
    "symbol": "y",
    "luminance": 25,
    "color": "yellow",
    "volume": "5 L",
    "weight": "6 kg",
    "hp": 25,
    "speed": 95,
    "vision_day": 15,
    "dodge": 2,
    "harvest": "arachnid_firefly",
    "reproduction": { "baby_egg": "egg_firefly", "baby_count": 1, "baby_timer": 15 },
    "baby_flags": [ "SPRING", "SUMMER" ],
    "fear_triggers": [ "HURT" ],
    "flags": [ "SEES", "HEARS", "FLIES", "STUMBLES" ]
  },
  {
    "id": "mon_fly_small",
    "type": "MONSTER",
    "name": { "str": "huge fly", "str_pl": "huge flies" },
    "description": "A mutant housefly the size of a small dog.  Its buzzing is high-pitched and somehow sad.",
    "copy-from": "mon_fly",
    "proportional": { "hp": 0.5, "speed": 1.1, "morale": 0.67, "melee_dice_sides": 0.67 },
    "volume": "15 L",
    "weight": "20 kg",
    "upgrades": { "half_life": 14, "into": "mon_fly" }
  },
  {
    "id": "mon_fly",
    "type": "MONSTER",
    "name": { "str": "giant fly", "str_pl": "giant flies" },
    "description": "A tremendous housefly the size of a dog, predictably accompanied by a loud, incessant buzzing sound.",
    "default_faction": "small_animal",
    "bodytype": "flying insect",
    "species": [ "INSECT_FLYING" ],
    "volume": "30 L",
    "weight": "40750 g",
    "hp": 25,
    "speed": 120,
    "material": [ "iflesh" ],
    "symbol": "a",
    "color": "light_green",
    "aggression": -50,
    "morale": 30,
    "melee_skill": 3,
    "melee_dice": 1,
    "melee_dice_sides": 3,
    "melee_cut": 0,
    "dodge": 5,
    "vision_day": 5,
    "vision_night": 5,
    "harvest": "arachnid_flying",
    "fear_triggers": [ "PLAYER_CLOSE" ],
    "death_function": [ "NORMAL" ],
    "upgrades": { "half_life": 21, "into": "mon_fly_mega" },
    "flags": [ "SEES", "SMELLS", "FLIES", "STUMBLES", "HIT_AND_RUN", "CANPLAY", "PATH_AVOID_FIRE", "LOUDMOVES" ]
  },
  {
    "id": "mon_fly_mega",
    "type": "MONSTER",
    "name": { "str": "frigate fly", "str_pl": "frigate flies" },
    "description": "An enormous mutant housefly creating a loud buzzing sound.",
    "copy-from": "mon_fly",
    "diff": 5,
    "proportional": { "hp": 20, "speed": 0.25, "vision_day": 2 },
    "volume": "625 L",
    "weight": "815 kg",
    "melee_dice": 2,
    "dodge": 2,
    "special_attacks": [ [ "ACID", 10 ] ],
    "extend": { "flags": [ "DESTROYS", "PUSH_MON", "PUSH_VEH" ] }
  },
  {
    "id": "mon_mosquito_small",
    "type": "MONSTER",
    "name": { "str": "huge mosquito" },
    "description": "A mutant mosquito the size of a small dog, buzzing and fluttering erratically.",
    "copy-from": "mon_mosquito_giant",
    "proportional": { "hp": 0.5, "speed": 1.1, "morale": 0.67, "melee_dice_sides": 0.67 },
    "volume": "15 L",
    "weight": "20 kg",
    "upgrades": { "half_life": 14, "into": "mon_mosquito_giant" }
  },
  {
    "id": "mon_mosquito_giant",
    "type": "MONSTER",
    "name": { "str": "giant mosquito" },
    "description": "A giant mutant mosquito, fluttering erratically.  Its face is dominated by a long, spear-tipped proboscis.",
    "default_faction": "mosquito",
    "bodytype": "flying insect",
    "species": [ "INSECT_FLYING" ],
    "diff": 2,
    "volume": "30 L",
    "weight": "40750 g",
    "hp": 20,
    "speed": 120,
    "material": [ "iflesh" ],
    "symbol": "y",
    "color": "brown",
    "aggression": 20,
    "morale": 20,
    "melee_skill": 4,
    "melee_dice": 1,
    "melee_dice_sides": 4,
    "melee_cut": 1,
    "dodge": 8,
    "vision_day": 5,
    "vision_night": 5,
    "harvest": "arachnid_flying",
    "death_function": [ "NORMAL" ],
    "upgrades": { "half_life": 21, "into": "mon_mosquito_mega" },
    "flags": [ "SEES", "SMELLS", "HEARS", "STUMBLES", "VENOM", "FLIES", "HIT_AND_RUN", "PATH_AVOID_FIRE", "LOUDMOVES" ]
  },
  {
    "id": "mon_mosquito_mega",
    "type": "MONSTER",
    "name": { "str": "bloodbank mosquito" },
    "description": "An enormous mutant mosquito with huge thin wings and legs.  Its face is dominated by a long, spear-tipped proboscis.",
    "copy-from": "mon_mosquito_giant",
    "proportional": { "hp": 20, "speed": 0.25, "vision_day": 2 },
    "volume": "625 L",
    "weight": "815 kg",
    "melee_dice": 2,
    "dodge": 2,
    "special_attacks": [ { "id": "impale" } ],
    "extend": { "flags": [ "DESTROYS", "PUSH_MON", "PUSH_VEH" ] }
  },
  {
    "id": "mon_spider_cellar_small",
    "type": "MONSTER",
    "name": { "str": "huge cellar spider" },
    "description": "A mutant brown spider the size of a small dog with long thin legs, big eyes, and oversized fangs.",
    "copy-from": "mon_spider_cellar_giant",
    "proportional": { "hp": 0.5, "speed": 1.1, "morale": 0.67, "melee_dice_sides": 0.67 },
    "volume": "15 L",
    "weight": "20 kg",
    "upgrades": { "half_life": 14, "into": "mon_spider_cellar_giant" }
  },
  {
    "id": "mon_spider_cellar_giant",
    "type": "MONSTER",
    "name": { "str": "giant cellar spider" },
    "description": "A twitchy mutant brown spider, with a relatively small body and spindly long legs.  Its smaller brethren are known for being agile, and for preying upon other spiders.",
    "default_faction": "spider_cellar",
    "bodytype": "spider",
    "species": [ "SPIDER" ],
    "diff": 2,
    "volume": "30 L",
    "weight": "40750 g",
    "hp": 45,
    "speed": 150,
    "material": [ "iflesh" ],
    "symbol": "s",
    "color": "brown",
    "aggression": -10,
    "morale": 100,
    "melee_skill": 6,
    "melee_dice": 1,
    "melee_dice_sides": 8,
    "melee_cut": 4,
    "dodge": 7,
    "armor_bash": 1,
    "armor_cut": 2,
    "armor_bullet": 2,
    "armor_acid": 3,
    "vision_day": 5,
    "vision_night": 5,
    "harvest": "arachnid",
    "anger_triggers": [ "STALK", "PLAYER_WEAK", "PLAYER_CLOSE" ],
    "death_function": [ "NORMAL" ],
    "upgrades": { "half_life": 21, "into": "mon_spider_cellar_mega" },
    "flags": [ "SEES", "SMELLS", "HEARS", "VENOM", "WEBWALK", "CLIMBS", "HARDTOSHOOT", "PUSH_MON", "PATH_AVOID_FIRE", "PET_MOUNTABLE" ],
    "//": "No, they are not in fact the most venomous spider in the world."
  },
  {
    "id": "mon_spider_cellar_mega",
    "type": "MONSTER",
    "name": { "str": "warehouse spider" },
    "description": "An enormous mutated brown spider with spindly long legs.  Looks like a classic house spider, but so much more.",
    "copy-from": "mon_spider_cellar_giant",
    "proportional": { "hp": 20, "speed": 0.25, "vision_day": 2 },
    "volume": "625 L",
    "weight": "815 kg",
    "melee_dice": 2,
    "dodge": 2,
    "special_attacks": [ [ "GRAB", 5 ] ],
    "extend": { "flags": [ "DESTROYS", "PUSH_MON", "PUSH_VEH" ] }
  },
  {
    "id": "mon_spider_cellar_giant_s",
    "type": "MONSTER",
    "name": { "str": "giant cellar spiderling" },
    "description": "A newly-hatched giant cellar spider.  Too small to possess much venom, but still quick and agile like an adult.",
    "default_faction": "spider_cellar",
    "bodytype": "spider",
    "species": [ "SPIDER" ],
    "volume": "750 ml",
    "weight": "1 kg",
    "hp": 23,
    "speed": 150,
    "material": [ "iflesh" ],
    "symbol": "c",
    "color": "brown",
    "aggression": -10,
    "morale": 100,
    "melee_skill": 5,
    "melee_dice": 1,
    "melee_dice_sides": 3,
    "melee_cut": 2,
    "dodge": 6,
    "armor_bash": 1,
    "armor_cut": 2,
    "armor_bullet": 2,
    "armor_acid": 3,
    "vision_day": 5,
    "vision_night": 5,
    "harvest": "arachnid",
    "anger_triggers": [ "STALK", "PLAYER_WEAK", "PLAYER_CLOSE" ],
    "death_function": [ "NORMAL" ],
    "upgrades": { "age_grow": 40, "into": "mon_spider_cellar_small" },
    "flags": [ "SEES", "SMELLS", "HEARS", "WEBWALK", "CLIMBS", "HARDTOSHOOT", "PATH_AVOID_FIRE", "CATFOOD" ]
  },
  {
    "id": "mon_spider_jumping_spiderling",
    "type": "MONSTER",
    "name": { "str": "huge jumping spiderling" },
    "description": "A mutant spider the size of a rabbit with big forelegs, big eyes, and oversized fangs.",
    "copy-from": "mon_spider_jumping_giant",
    "proportional": { "hp": 0.3, "speed": 1.1, "morale": 0.38, "melee_dice_sides": 0.60 },
    "volume": "10 L",
    "weight": "20 kg",
    "upgrades": { "half_life": 14, "into": "mon_spider_jumping_small" }
  },
  {
    "id": "mon_spider_jumping_small",
    "type": "MONSTER",
    "name": { "str": "huge jumping spider" },
    "description": "A mutant spider the size of a small dog with big forelegs, big eyes, and oversized fangs.",
    "copy-from": "mon_spider_jumping_giant",
    "proportional": { "hp": 0.5, "speed": 1.1, "morale": 0.67, "melee_dice_sides": 0.67 },
    "volume": "15 L",
    "weight": "20 kg",
    "upgrades": { "half_life": 14, "into": "mon_spider_jumping_giant" }
  },
  {
    "id": "mon_spider_jumping_giant",
    "type": "MONSTER",
    "name": { "str": "giant jumping spider" },
    "description": "A giant spider with big forelegs and two pairs of inquisitive-looking eyes.  It can leap quite quickly, even into the treetops.",
    "default_faction": "spider_jumping",
    "bodytype": "spider",
    "species": [ "SPIDER" ],
    "diff": 2,
    "volume": "30 L",
    "weight": "40750 g",
    "hp": 30,
    "speed": 100,
    "material": [ "iflesh" ],
    "symbol": "s",
    "color": "white",
    "aggression": -20,
    "morale": 80,
    "melee_skill": 5,
    "melee_dice": 1,
    "melee_dice_sides": 1,
    "melee_cut": 4,
    "attack_effs": [ { "id": "venom_weaken", "duration": 250 } ],
    "//": "13 hits to max intensity, 17 hits to max duration",
    "dodge": 8,
    "armor_cut": 3,
    "armor_bullet": 2,
    "vision_day": 5,
    "vision_night": 5,
    "harvest": "arachnid",
    "special_attacks": [ { "type": "leap", "cooldown": 2, "max_range": 5, "allow_no_target": true } ],
    "anger_triggers": [ "PLAYER_CLOSE" ],
    "death_function": [ "NORMAL" ],
    "upgrades": { "half_life": 21, "into": "mon_spider_jumping_mega" },
    "flags": [ "SEES", "SMELLS", "HEARS", "HIT_AND_RUN", "CLIMBS", "PATH_AVOID_DANGER_1", "PET_MOUNTABLE" ]
  },
  {
    "id": "mon_spider_jumping_mega",
    "type": "MONSTER",
    "name": { "str": "missile spider" },
    "description": "An enormous hairy mutated spider with strong forelegs and a raised, bloated thorax.  Smells like rotten eggs",
    "copy-from": "mon_spider_jumping_giant",
    "proportional": { "hp": 20, "speed": 0.25, "dodge": 0.25, "vision_day": 2 },
    "volume": "625 L",
    "weight": "815 kg",
    "melee_dice": 2,
    "death_function": [ "EXPLODE" ],
    "extend": { "flags": [ "DESTROYS", "PUSH_MON", "PUSH_VEH", "FLAMMABLE" ] }
  },
  {
    "id": "mon_spider_trapdoor_spiderling",
    "type": "MONSTER",
    "name": { "str": "huge trapdoor spiderling" },
    "description": "A dark brown mutant spider the size of a rabbit with a bulbous thorax, big eyes, and oversized fangs. Somewhat cute - or terrifying, depending on preference.",
    "copy-from": "mon_spider_trapdoor_giant",
    "proportional": { "hp": 0.4, "speed": 1.1, "morale": 0.60, "melee_dice_sides": 0.60 },
    "volume": "20 L",
    "weight": "30 kg",
    "upgrades": { "half_life": 14, "into": "mon_spider_trapdoor_small" },
	"extend": { "flags": [ "CATFOOD" ] }
  },
  {
    "id": "mon_spider_trapdoor_small",
    "type": "MONSTER",
    "name": { "str": "huge trapdoor spider" },
    "description": "A dark brown mutant spider the size of a dog with a bulbous thorax, big eyes, and oversized fangs.",
    "copy-from": "mon_spider_trapdoor_giant",
    "proportional": { "hp": 0.5, "speed": 1.1, "morale": 0.67, "melee_dice_sides": 0.67 },
    "volume": "30 L",
    "weight": "40 kg",
    "upgrades": { "half_life": 14, "into": "mon_spider_trapdoor_giant" }
  },
  {
    "id": "mon_spider_trapdoor_giant",
    "type": "MONSTER",
    "name": { "str": "giant trapdoor spider" },
    "description": "A gigantic dark brown spider with a bulbous thorax.  It digs a deep underground burrow that serves as a pit to trap unwary prey.",
    "default_faction": "spider_trapdoor",
    "bodytype": "spider",
    "species": [ "SPIDER" ],
    "diff": 2,
    "volume": "62500 ml",
    "weight": "81500 g",
    "hp": 70,
    "speed": 110,
    "material": [ "iflesh" ],
    "symbol": "s",
    "color": "blue",
    "aggression": 60,
    "morale": 100,
    "melee_skill": 6,
    "melee_dice": 1,
    "melee_dice_sides": 1,
    "melee_cut": 8,
    "dodge": 2,
    "armor_bash": 4,
    "armor_cut": 8,
    "armor_bullet": 6,
    "vision_day": 5,
    "vision_night": 5,
    "harvest": "arachnid",
    "death_function": [ "NORMAL" ],
    "upgrades": { "half_life": 21, "into": "mon_spider_trapdoor_mega" },
    "flags": [ "SEES", "SMELLS", "HEARS", "VENOM", "GRABS", "CAN_DIG", "WEBWALK", "CLIMBS", "PATH_AVOID_FIRE", "PET_MOUNTABLE" ]
  },
  {
    "id": "mon_spider_trapdoor_mega",
    "type": "MONSTER",
    "name": { "str": "deathtrap spider" },
    "description": "An enormous mutated spider with strong thick legs, and a bulbous thorax, dark brown in color.",
    "copy-from": "mon_spider_trapdoor_giant",
    "proportional": { "hp": 10, "speed": 0.25, "dodge": 0.5, "vision_day": 2 },
    "volume": "625 L",
    "weight": "815 kg",
    "melee_dice": 2,
    "special_attacks": [ [ "GRAB", 5 ] ],
    "extend": { "flags": [ "DESTROYS", "PUSH_MON", "PUSH_VEH" ] }
  },
  {
    "id": "mon_spider_web_small",
    "type": "MONSTER",
    "name": { "str": "huge web spinning spider" },
    "description": "A light gray mutant spider the size of a dog with a long legs, big eyes, and oversized fangs.",
    "copy-from": "mon_spider_web",
    "proportional": { "hp": 0.5, "speed": 1.1, "morale": 0.67, "melee_dice_sides": 0.67 },
    "volume": "30 L",
    "weight": "40 kg",
    "upgrades": { "half_life": 14, "into": "mon_spider_web" }
  },
  {
    "id": "mon_spider_web",
    "type": "MONSTER",
    "name": { "str": "giant web spider" },
    "description": "A light gray giant mutated grass spider, it waits for prey to become ensnared in the vast webs that it weaves between the trees.",
    "default_faction": "spider_web",
    "bodytype": "spider",
    "species": [ "SPIDER" ],
    "diff": 2,
    "volume": "62500 ml",
    "weight": "81500 g",
    "hp": 40,
    "speed": 110,
    "material": [ "iflesh" ],
    "symbol": "s",
    "color": "yellow",
    "aggression": 20,
    "morale": 100,
    "melee_skill": 4,
    "melee_dice": 1,
    "melee_dice_sides": 6,
    "melee_cut": 6,
    "attack_effs": [ { "id": "venom_dmg", "duration": 400, "affect_hit_bp": true } ],
    "//": "5 hits to max intensity, 6 hits to max duration",
    "dodge": 2,
    "armor_bash": 2,
    "armor_cut": 6,
    "armor_bullet": 5,
    "vision_day": 5,
    "vision_night": 5,
    "harvest": "arachnid",
    "death_function": [ "NORMAL" ],
    "upgrades": { "half_life": 21, "into": "mon_spider_web_mega" },
    "flags": [ "SEES", "SMELLS", "HEARS", "WEBWALK", "CLIMBS", "PATH_AVOID_FIRE", "PATH_AVOID_FALL", "PET_MOUNTABLE" ]
  },
  {
    "id": "mon_spider_web_mega",
    "type": "MONSTER",
    "name": { "str": "wyrd spider" },
    "description": "An enormous mutated grass spider with long spindly legs, light gray in color.",
    "copy-from": "mon_spider_web",
    "proportional": { "hp": 10, "speed": 0.25, "dodge": 0.5, "vision_day": 2 },
    "volume": "625 L",
    "weight": "815 kg",
    "melee_dice": 2,
    "special_attacks": [ [ "GRAB", 5 ] ],
    "extend": { "flags": [ "DESTROYS", "PUSH_MON", "PUSH_VEH" ] }
  },
  {
    "id": "mon_spider_web_spiderling",
    "type": "MONSTER",
    "name": { "str": "giant web spiderling" },
    "description": "A still immature giant grass spider.  Too young to be venomous, or to walk proficiently for that matter",
    "default_faction": "spider_web",
    "bodytype": "spider",
    "species": [ "SPIDER" ],
    "volume": "750 ml",
    "weight": "1 kg",
    "hp": 20,
    "speed": 40,
    "material": [ "iflesh" ],
    "symbol": "c",
    "color": "yellow",
    "aggression": 20,
    "morale": 100,
    "melee_skill": 1,
    "melee_dice": 1,
    "melee_dice_sides": 3,
    "melee_cut": 6,
    "dodge": 1,
    "armor_bash": 2,
    "armor_cut": 6,
    "armor_bullet": 5,
    "vision_day": 5,
    "vision_night": 5,
    "harvest": "arachnid",
    "death_function": [ "NORMAL" ],
    "upgrades": { "age_grow": 40, "into": "mon_spider_web_small" },
    "flags": [ "SEES", "SMELLS", "HEARS", "WEBWALK", "STUMBLES", "CLIMBS", "PATH_AVOID_FIRE", "PET_MOUNTABLE", "CATFOOD" ]
  },
  {
    "id": "mon_spider_widow_small",
    "type": "MONSTER",
    "name": { "str": "huge black widow spider" },
    "description": "A black mutant spider the size of a cat with a long legs, big eyes, and oversized fangs.  There is a red hourglass shape on its thorax.",
    "copy-from": "mon_spider_widow_giant",
    "proportional": { "hp": 0.5, "speed": 1.1, "morale": 0.67, "melee_dice_sides": 0.67 },
    "volume": "15 L",
    "weight": "20 kg",
    "upgrades": { "half_life": 14, "into": "mon_spider_widow_giant" }
  },
  {
    "id": "mon_spider_widow_giant",
    "type": "MONSTER",
    "name": { "str": "giant black widow" },
    "description": "A giant mutated black widow spider.  There is a red hourglass shape on its thorax.  A highly venomous nightmare come to life.",
    "default_faction": "spider_widow",
    "bodytype": "spider",
    "species": [ "SPIDER" ],
    "diff": 2,
    "volume": "30 L",
    "weight": "40750 g",
    "hp": 60,
    "speed": 90,
    "material": [ "iflesh" ],
    "symbol": "s",
    "color": "dark_gray",
    "aggression": -10,
    "morale": 100,
    "melee_skill": 6,
    "melee_dice": 1,
    "melee_dice_sides": 6,
    "melee_cut": 2,
    "dodge": 2,
    "armor_bash": 2,
    "armor_cut": 4,
    "armor_bullet": 3,
    "vision_day": 5,
    "vision_night": 5,
    "harvest": "arachnid",
    "anger_triggers": [ "PLAYER_WEAK", "PLAYER_CLOSE" ],
    "death_function": [ "NORMAL" ],
    "upgrades": { "half_life": 21, "into": "mon_spider_widow_mega" },
    "flags": [ "SEES", "SMELLS", "HEARS", "BADVENOM", "WEBWALK", "CLIMBS", "PATH_AVOID_FIRE", "PET_MOUNTABLE" ]
  },
  {
    "id": "mon_spider_widow_mega",
    "type": "MONSTER",
    "name": { "str": "black death widow" },
    "description": "An enormous mutated black widow spider.  There is a red hourglass shape on its thorax.",
    "copy-from": "mon_spider_widow_giant",
    "proportional": { "hp": 10, "speed": 0.25, "dodge": 0.5, "vision_day": 2 },
    "volume": "625 L",
    "weight": "815 kg",
    "melee_dice": 3,
    "special_attacks": [ [ "GRAB", 5 ] ],
    "extend": { "flags": [ "DESTROYS", "PUSH_MON", "PUSH_VEH" ] }
  },
  {
    "id": "mon_spider_widow_giant_s",
    "type": "MONSTER",
    "name": { "str": "giant black widow spiderling" },
    "description": "The horrid spawn of a giant black widow spider.  Even as a newborn, this foul creature knows only how to kill.",
    "default_faction": "spider_widow",
    "bodytype": "spider",
    "species": [ "SPIDER" ],
    "diff": 2,
    "volume": "750 ml",
    "weight": "1 kg",
    "hp": 30,
    "speed": 90,
    "material": [ "iflesh" ],
    "symbol": "c",
    "color": "dark_gray",
    "aggression": -10,
    "morale": 100,
    "melee_skill": 4,
    "melee_dice": 1,
    "melee_dice_sides": 3,
    "melee_cut": 2,
    "dodge": 1,
    "armor_bash": 2,
    "armor_cut": 4,
    "armor_bullet": 3,
    "vision_day": 5,
    "vision_night": 5,
    "harvest": "arachnid",
    "anger_triggers": [ "PLAYER_WEAK", "PLAYER_CLOSE" ],
    "death_function": [ "NORMAL" ],
    "upgrades": { "age_grow": 40, "into": "mon_spider_widow_small" },
    "flags": [ "SEES", "SMELLS", "HEARS", "VENOM", "WEBWALK", "CLIMBS", "PATH_AVOID_FIRE", "CATFOOD" ]
  },
  {
    "id": "mon_spider_wolf_spiderling",
    "type": "MONSTER",
    "name": { "str": "huge wolf spiderling" },
    "description": "A shaggy brown mutant spider the size of a rabbit with long legs, two especially big eyes, and oversized fangs. Cute to some, terrifying to others.",
    "copy-from": "mon_spider_wolf_giant",
    "proportional": { "hp": 0.3, "speed": 1.1, "morale": 0.67, "melee_dice_sides": 0.58 },
    "volume": "15 L",
    "weight": "20 kg",
    "upgrades": { "half_life": 14, "into": "mon_spider_wolf_small" },
	"extend": { "flags": [ "CATFOOD" ] }
  },
  {
    "id": "mon_spider_wolf_small",
    "type": "MONSTER",
    "name": { "str": "huge wolf spider" },
    "description": "A shaggy brown mutant spider the size of a dog with a long legs, two especially big eyes, and oversized fangs.",
    "copy-from": "mon_spider_wolf_giant",
    "proportional": { "hp": 0.5, "speed": 1.1, "morale": 0.67, "melee_dice_sides": 0.67 },
    "volume": "30 L",
    "weight": "40 kg",
    "upgrades": { "half_life": 14, "into": "mon_spider_wolf_giant" }
  },
  {
    "id": "mon_spider_wolf_giant",
    "type": "MONSTER",
    "name": { "str": "giant wolf spider" },
    "description": "A wolf spider mutated to about thirty times its normal size, it moves quickly and aggressively to catch and consume prey.",
    "default_faction": "spider_wolf",
    "bodytype": "spider",
    "species": [ "SPIDER" ],
    "diff": 2,
    "volume": "62500 ml",
    "weight": "81500 g",
    "hp": 40,
    "speed": 150,
    "material": [ "iflesh" ],
    "symbol": "s",
    "color": "brown",
    "aggression": 20,
    "morale": 100,
    "melee_skill": 5,
    "melee_dice": 1,
    "melee_dice_sides": 8,
    "melee_cut": 8,
    "attack_effs": [ { "id": "venom_dmg", "duration": 400, "affect_hit_bp": true } ],
    "//": "5 hits to max intensity, 6 hits to max duration",
    "dodge": 4,
    "armor_bash": 4,
    "armor_cut": 8,
    "armor_bullet": 6,
    "vision_day": 5,
    "vision_night": 5,
    "harvest": "arachnid",
    "anger_triggers": [ "STALK", "PLAYER_WEAK", "HURT", "PLAYER_CLOSE" ],
    "death_function": [ "NORMAL" ],
    "upgrades": { "half_life": 21, "into": "mon_spider_wolf_mega" },
    "flags": [ "SEES", "SMELLS", "HEARS", "CLIMBS", "PATH_AVOID_FIRE", "PATH_AVOID_FALL", "PET_MOUNTABLE" ]
  },
  {
    "id": "mon_spider_wolf_mega",
    "type": "MONSTER",
    "name": { "str": "necrowolf spider" },
    "description": "An enormous hairy mutant wolf spider.",
    "copy-from": "mon_spider_wolf_giant",
    "proportional": { "hp": 10, "speed": 0.25, "dodge": 0.25, "vision_day": 2 },
    "volume": "625 L",
    "weight": "815 kg",
    "melee_dice": 2,
    "special_attacks": [ [ "HOWL", 10 ] ],
    "extend": { "flags": [ "DESTROYS", "PUSH_MON", "PUSH_VEH" ] }
  },
  {
    "id": "mon_wasp_small",
    "type": "MONSTER",
    "name": { "str": "huge wasp" },
    "description": "A huge black and yellow mutant yellowjacket wasp the size of a ferret with a long, evil-looking stinger.",
    "default_faction": "wasp",
    "bodytype": "flying insect",
    "species": [ "INSECT_FLYING" ],
    "diff": 2,
    "volume": "750 ml",
    "weight": "1 kg",
    "hp": 20,
    "speed": 165,
    "material": [ "iflesh" ],
    "symbol": "a",
    "color": "dark_gray",
    "aggression": 10,
    "morale": 30,
    "melee_skill": 5,
    "melee_dice": 2,
    "melee_dice_sides": 4,
    "melee_cut": 8,
    "attack_effs": [ { "id": "venom_weaken", "duration": 100 } ],
    "dodge": 4,
    "armor_bash": 4,
    "armor_cut": 8,
    "armor_bullet": 6,
    "vision_day": 10,
    "vision_night": 5,
    "harvest": "arachnid_wasp",
    "anger_triggers": [ "HURT", "FRIEND_DIED", "PLAYER_CLOSE", "PLAYER_WEAK", "STALK" ],
    "death_function": [ "NORMAL" ],
    "upgrades": { "half_life": 14, "into_group": "WASP_UPGRADE" },
    "flags": [ "SEES", "SMELLS", "FLIES", "SWARMS", "GROUP_MORALE", "CANPLAY", "PATH_AVOID_FIRE" ]
  },
  {
    "id": "mon_wasp",
    "type": "MONSTER",
    "name": { "str": "giant wasp" },
    "description": "A gigantic slender-bodied wasp with an evil-looking stinger protruding from its abdomen.  Its exoskeleton glowers with ominous red markings.",
    "default_faction": "wasp",
    "bodytype": "flying insect",
    "species": [ "INSECT_FLYING" ],
    "diff": 2,
    "volume": "62500 ml",
    "weight": "81500 g",
    "hp": 40,
    "speed": 150,
    "material": [ "iflesh" ],
    "symbol": "a",
    "color": "dark_gray",
    "aggression": 10,
    "morale": 40,
    "melee_skill": 5,
    "melee_dice": 2,
    "melee_dice_sides": 6,
    "melee_cut": 8,
    "attack_effs": [ { "id": "venom_weaken", "duration": 200 } ],
    "//": "15 hits to max intensity, 18 hits to max duration",
    "dodge": 4,
    "armor_bash": 4,
    "armor_cut": 8,
    "armor_bullet": 6,
    "vision_day": 10,
    "vision_night": 5,
    "harvest": "arachnid_wasp",
    "anger_triggers": [ "HURT", "FRIEND_DIED", "PLAYER_CLOSE", "PLAYER_WEAK", "STALK" ],
    "death_function": [ "NORMAL" ],
    "upgrades": { "half_life": 21, "into": "mon_wasp_mega" },
    "flags": [ "SEES", "SMELLS", "FLIES", "SWARMS", "GROUP_MORALE", "CANPLAY", "PATH_AVOID_FIRE" ]
  },
  {
    "id": "mon_wasp_mega",
    "type": "MONSTER",
    "name": { "str": "whale wasp" },
    "description": "An enormous slender-bodied wasp with an evil-looking stinger protruding from its abdomen.  Its exoskeleton glowers with ominous red markings.",
    "copy-from": "mon_wasp",
    "proportional": { "hp": 10, "speed": 0.25, "dodge": 0.25, "vision_day": 2 },
    "volume": "625 L",
    "weight": "815 kg",
    "melee_dice": 3,
    "special_attacks": [ { "id": "impale" } ],
    "extend": { "flags": [ "DESTROYS", "PUSH_MON", "PUSH_VEH" ] }
  },
  {
    "id": "mon_dermatik",
    "type": "MONSTER",
    "name": { "str": "dermatik" },
    "description": "A mutated wasp nearly the size of a cat, with a barbed ovipositor extruding from the abdomen.",
    "default_faction": "dermatik",
    "bodytype": "flying insect",
    "species": [ "INSECT_FLYING" ],
    "diff": 2,
    "volume": "750 ml",
    "weight": "1 kg",
    "hp": 60,
    "speed": 110,
    "material": [ "iflesh" ],
    "symbol": "a",
    "color": "red",
    "aggression": 90,
    "morale": 70,
    "melee_skill": 6,
    "melee_dice": 1,
    "melee_dice_sides": 6,
    "melee_cut": 3,
    "dodge": 8,
    "armor_cut": 6,
    "armor_bullet": 5,
    "harvest": "arachnid_flying",
    "special_attacks": [ [ "DERMATIK", 25 ] ],
    "anger_triggers": [ "FRIEND_ATTACKED", "PLAYER_WEAK" ],
    "death_function": [ "NORMAL" ],
    "flags": [ "HEARS", "SMELLS", "STUMBLES", "POISON", "FLIES", "PATH_AVOID_FIRE" ]
  },
  {
    "id": "mon_dermatik_larva",
    "type": "MONSTER",
    "name": { "str": "dermatik larva", "str_pl": "dermatik larvae" },
    "description": "A fat white grub as big as a squirrel, with a pair of large, spadelike mandibles.",
    "default_faction": "dermatik",
    "bodytype": "insect",
    "species": [ "INSECT" ],
    "diff": 2,
    "volume": "750 ml",
    "weight": "1 kg",
    "hp": 10,
    "speed": 20,
    "material": [ "iflesh" ],
    "symbol": "a",
    "color": "white",
    "aggression": -20,
    "morale": -20,
    "melee_skill": 1,
    "melee_dice": 1,
    "melee_dice_sides": 1,
    "melee_cut": 1,
    "dodge": 1,
    "harvest": "arachnid",
    "special_attacks": [ [ "DERMATIK_GROWTH", 14400 ] ],
    "death_function": [ "NORMAL" ],
    "flags": [ "HEARS", "SMELLS", "POISON", "CAN_DIG", "LARVA" ]
  },
  {
    "id": "mon_ant_small",
    "type": "MONSTER",
    "name": { "str": "huge ant" },
    "description": "A mutant red ant the size of a dog covered in chitinous plates.  It possesses a pair of wriggling antennae and vicious-looking mandibles.",
    "copy-from": "mon_ant",
    "proportional": { "hp": 0.5, "speed": 1.1, "morale": 0.67, "melee_dice_sides": 0.67 },
    "volume": "30 L",
    "weight": "40 kg",
    "upgrades": { "half_life": 14, "into": "mon_ant" }
  },
  {
    "id": "mon_ant",
    "type": "MONSTER",
    "name": { "str": "giant ant" },
    "description": "An enormous red ant covered in chitinous plates.  It possesses a pair of wriggling antennae and vicious-looking mandibles.",
    "default_faction": "ant",
    "bodytype": "insect",
    "species": [ "INSECT" ],
    "volume": "62500 ml",
    "weight": "81500 g",
    "hp": 40,
    "speed": 100,
    "material": [ "iflesh" ],
    "symbol": "a",
    "color": "brown",
    "morale": 60,
    "melee_skill": 5,
    "melee_dice": 1,
    "melee_dice_sides": 6,
    "melee_cut": 6,
    "dodge": 1,
    "armor_bash": 5,
    "armor_cut": 10,
    "armor_bullet": 8,
    "vision_day": 5,
    "vision_night": 5,
    "harvest": "arachnid",
    "upgrades": { "age_grow": 14, "into": "mon_ant_soldier" },
    "anger_triggers": [ "FRIEND_ATTACKED", "FRIEND_DIED", "HURT", "PLAYER_WEAK" ],
    "death_function": [ "NORMAL" ],
    "special_attacks": [ [ "EAT_FOOD", 30 ] ],
    "flags": [ "SEES", "HEARS", "SMELLS", "CLIMBS", "PATH_AVOID_FIRE", "PATH_AVOID_FALL" ]
  },
  {
    "id": "mon_ant_acid_small",
    "type": "MONSTER",
    "name": { "str": "huge acidic ant" },
    "description": "A brown mutated ant with a swollen abdomen, that ends with a small orifice at the tip.  Glistening liquid drips out periodically.",
    "copy-from": "mon_ant_acid",
    "proportional": { "hp": 0.5, "speed": 1.1, "morale": 0.67, "melee_dice_sides": 0.67 },
    "volume": "30 L",
    "weight": "40 kg",
    "upgrades": { "half_life": 14, "into": "mon_ant_acid" }
  },
  {
    "id": "mon_ant_acid",
    "type": "MONSTER",
    "name": { "str": "giant acidic ant" },
    "description": "A monstrous brown ant with a swollen abdomen, that ends with a small orifice at the tip.  Glistening liquid seems to drip out periodically.",
    "default_faction": "acid_ant",
    "bodytype": "insect",
    "species": [ "INSECT" ],
    "diff": 2,
    "volume": "62500 ml",
    "weight": "81500 g",
    "hp": 60,
    "speed": 100,
    "material": [ "iflesh" ],
    "symbol": "a",
    "color": "green",
    "morale": 60,
    "melee_skill": 5,
    "melee_dice": 1,
    "melee_dice_sides": 6,
    "melee_cut": 6,
    "dodge": 1,
    "armor_bash": 6,
    "armor_cut": 10,
    "armor_bullet": 8,
    "vision_day": 5,
    "vision_night": 5,
    "upgrades": { "age_grow": 14, "into": "mon_ant_acid_soldier" },
    "special_attacks": [ [ "ACID", 23 ], [ "EAT_FOOD", 30 ] ],
    "anger_triggers": [ "FRIEND_ATTACKED", "FRIEND_DIED", "HURT", "PLAYER_CLOSE" ],
    "death_function": [ "ACID", "NORMAL" ],
    "harvest": "arachnid_acid",
    "flags": [ "ACIDPROOF", "CLIMBS", "HEARS", "POISON", "SEES", "SMELLS", "PATH_AVOID_FIRE", "PATH_AVOID_FALL" ]
  },
  {
    "id": "mon_ant_acid_larva",
    "type": "MONSTER",
    "name": { "str": "acidic ant larva", "str_pl": "acidic ant larvae" },
    "description": "A squirming yellow grub that seems to be oozing liquid from both ends of its body.  It appears its chitin hasn't developed enough to resist acid.",
    "default_faction": "acid_ant",
    "bodytype": "insect",
    "species": [ "INSECT" ],
    "volume": "30 L",
    "weight": "40750 g",
    "hp": 20,
    "speed": 15,
    "material": [ "iflesh" ],
    "symbol": "a",
    "color": "yellow",
    "aggression": -1,
    "morale": 10,
    "melee_skill": 2,
    "melee_dice": 1,
    "melee_dice_sides": 3,
    "melee_cut": 0,
    "upgrades": { "age_grow": 3, "into": "mon_ant_acid" },
    "death_function": [ "ACID", "NORMAL" ],
    "harvest": "arachnid_acid",
    "flags": [ "ACIDPROOF", "LARVA", "POISON", "SMELLS" ]
  },
  {
    "id": "mon_ant_acid_queen",
    "type": "MONSTER",
    "name": { "str": "acidic queen ant" },
    "description": "An enormous brown ant with an elongated, pulsating abdomen.  Its orifice seems developed only for egg-laying rather than spraying acid like the rest of the colony, but it doesn't seem affected by the acrid liquid either.",
    "default_faction": "acid_ant",
    "bodytype": "insect",
    "species": [ "INSECT" ],
    "diff": 2,
    "volume": "92500 ml",
    "weight": "120 kg",
    "hp": 100,
    "speed": 60,
    "material": [ "iflesh" ],
    "symbol": "a",
    "color": "green",
    "aggression": 20,
    "morale": 100,
    "melee_skill": 6,
    "melee_dice": 3,
    "melee_dice_sides": 4,
    "melee_cut": 5,
    "dodge": 1,
    "armor_bash": 8,
    "armor_cut": 16,
    "armor_bullet": 13,
    "special_attacks": [ [ "ANTQUEEN", 1 ] ],
    "anger_triggers": [ "FRIEND_ATTACKED", "FRIEND_DIED", "HURT", "PLAYER_CLOSE" ],
    "death_function": [ "NORMAL" ],
    "harvest": "arachnid_acid_queen",
    "flags": [ "ACIDPROOF", "CLIMBS", "HEARS", "QUEEN", "SEES", "SMELLS", "PATH_AVOID_FIRE", "PATH_AVOID_FALL" ]
  },
  {
    "id": "mon_ant_acid_soldier",
    "type": "MONSTER",
    "name": { "str": "acidic soldier ant" },
    "description": "A massive woolly brown ant that towers over the worker ants with a giant head crest.  Along with its huge mandibles, a corrosive liquid seeps from the end of its bloated abdomen.",
    "default_faction": "acid_ant",
    "bodytype": "insect",
    "species": [ "INSECT" ],
    "diff": 2,
    "volume": "62500 ml",
    "weight": "81500 g",
    "hp": 100,
    "speed": 100,
    "material": [ "iflesh" ],
    "symbol": "a",
    "color": "brown",
    "aggression": 40,
    "morale": 100,
    "melee_skill": 7,
    "melee_dice": 1,
    "melee_dice_sides": 8,
    "melee_cut": 8,
    "dodge": 2,
    "armor_bash": 12,
    "armor_cut": 14,
    "armor_bullet": 11,
    "vision_day": 5,
    "vision_night": 5,
    "special_attacks": [ [ "ACID", 15 ] ],
    "anger_triggers": [ "FRIEND_ATTACKED", "FRIEND_DIED", "HURT", "PLAYER_CLOSE" ],
    "death_function": [ "ACID", "NORMAL" ],
    "harvest": "arachnid_acid",
    "flags": [ "ACIDPROOF", "SHORTACIDTRAIL", "CLIMBS", "HEARS", "POISON", "SEES", "SMELLS", "PATH_AVOID_FIRE", "PATH_AVOID_FALL" ]
  },
  {
    "id": "mon_ant_larva",
    "type": "MONSTER",
    "name": { "str": "ant larva", "str_pl": "ant larvae" },
    "description": "A pulsating sausage of glistening white flesh, the size of a large cat.  On one end is a set of squirming mouth parts.",
    "default_faction": "ant",
    "bodytype": "insect",
    "species": [ "INSECT" ],
    "volume": "30 L",
    "weight": "40750 g",
    "hp": 10,
    "speed": 15,
    "material": [ "iflesh" ],
    "symbol": "a",
    "color": "white",
    "aggression": -1,
    "morale": 10,
    "melee_skill": 2,
    "melee_dice": 1,
    "melee_dice_sides": 3,
    "melee_cut": 0,
    "harvest": "arachnid",
    "upgrades": { "age_grow": 3, "into": "mon_ant" },
    "death_function": [ "NORMAL" ],
    "flags": [ "SMELLS", "LARVA" ]
  },
  {
    "id": "mon_ant_queen",
    "type": "MONSTER",
    "name": { "str": "queen ant" },
    "description": "A colossal red ant with a bulging, bloated thorax.  It moves slowly and deliberately, tending to nearby eggs and continually laying more.",
    "default_faction": "ant",
    "bodytype": "insect",
    "species": [ "INSECT" ],
    "volume": "92500 ml",
    "weight": "120 kg",
    "hp": 80,
    "speed": 40,
    "material": [ "iflesh" ],
    "symbol": "a",
    "color": "light_red",
    "morale": 100,
    "melee_skill": 5,
    "melee_dice": 3,
    "melee_dice_sides": 4,
    "melee_cut": 4,
    "dodge": 1,
    "armor_bash": 6,
    "armor_cut": 14,
    "armor_bullet": 11,
    "harvest": "arachnid",
    "special_attacks": [ [ "ANTQUEEN", 1 ] ],
    "anger_triggers": [ "FRIEND_ATTACKED", "FRIEND_DIED", "HURT" ],
    "death_function": [ "NORMAL" ],
    "flags": [ "SMELLS", "QUEEN", "CLIMBS", "PATH_AVOID_FIRE", "PATH_AVOID_FALL" ]
  },
  {
    "id": "mon_ant_soldier",
    "type": "MONSTER",
    "name": { "str": "soldier ant" },
    "description": "A huge and hairy red ant almost twice the size of other giant ants.  Bulging pincers extend from its jaws.",
    "default_faction": "ant",
    "bodytype": "insect",
    "species": [ "INSECT" ],
    "volume": "62500 ml",
    "weight": "81500 g",
    "hp": 80,
    "speed": 100,
    "material": [ "iflesh" ],
    "symbol": "a",
    "color": "red",
    "aggression": 30,
    "morale": 100,
    "melee_skill": 7,
    "melee_dice": 1,
    "melee_dice_sides": 8,
    "melee_cut": 6,
    "dodge": 2,
    "armor_bash": 10,
    "armor_cut": 12,
    "armor_bullet": 10,
    "vision_day": 5,
    "vision_night": 5,
    "harvest": "arachnid",
    "anger_triggers": [ "FRIEND_ATTACKED", "FRIEND_DIED", "HURT", "PLAYER_CLOSE" ],
    "death_function": [ "NORMAL" ],
    "upgrades": { "half_life": 21, "into": "mon_ant_soldier_mega" },
    "flags": [ "SEES", "HEARS", "SMELLS", "CLIMBS", "PATH_AVOID_FIRE", "PATH_AVOID_FALL" ]
  },
  {
    "id": "mon_ant_soldier_mega",
    "type": "MONSTER",
    "name": { "str": "super soldier ant" },
    "description": "An enormous hairy red ant.  Bulging pincers extend from its jaws.",
    "copy-from": "mon_ant_soldier",
    "proportional": { "hp": 10, "speed": 0.25, "dodge": 0.5, "vision_day": 2 },
    "volume": "625 L",
    "weight": "815 kg",
    "melee_dice": 2,
    "special_attacks": [ [ "SMASH", 30 ], [ "BIO_OP_TAKEDOWN", 20 ], [ "RANGED_PULL", 20 ], [ "GRAB", 5 ] ],
    "extend": { "flags": [ "DESTROYS", "PUSH_MON", "PUSH_VEH", "RANGED_ATTACKER" ] }
  },
  {
    "id": "mon_locust_small",
    "type": "MONSTER",
    "name": { "str": "huge locust" },
    "description": "A yellow and brown mutated locust the size of a cat with big eyes and long powerful legs.",
    "copy-from": "mon_locust",
    "proportional": { "hp": 0.5, "speed": 1.1, "morale": 0.67, "melee_dice_sides": 0.67 },
    "volume": "15 L",
    "weight": "20 kg",
    "upgrades": { "half_life": 14, "into": "mon_locust" }
  },
  {
    "id": "mon_locust",
    "type": "MONSTER",
    "name": { "str": "giant locust" },
    "description": "A yellow and brown mutated locust the size of a dog with big eyes and long powerful legs.  You don't think it'll eat you but it could cause massive damage to nearby plants.",
    "default_faction": "locust",
    "bodytype": "flying insect",
    "species": [ "INSECT_FLYING" ],
    "volume": "30 L",
    "weight": "40750 g",
    "hp": 30,
    "speed": 90,
    "material": [ "flesh" ],
    "symbol": "g",
    "color": "brown",
    "aggression": -5,
    "morale": 10,
    "melee_skill": 3,
    "melee_dice": 1,
    "melee_dice_sides": 6,
    "melee_cut": 3,
    "dodge": 2,
    "armor_bash": 3,
    "armor_cut": 4,
    "armor_bullet": 3,
    "vision_day": 10,
    "harvest": "arachnid_flying",
    "reproduction": { "baby_egg": "egg_locust", "baby_count": 5, "baby_timer": 10 },
    "baby_flags": [ "AUTUMN" ],
    "biosignature": { "biosig_item": "feces_roach", "biosig_timer": 3 },
    "anger_triggers": [ "FRIEND_ATTACKED" ],
    "death_function": [ "NORMAL" ],
    "upgrades": { "half_life": 21, "into": "mon_locust_mega" },
    "special_attacks": [ { "type": "leap", "cooldown": 2, "max_range": 8, "allow_no_target": true }, [ "EAT_CROP", 60 ] ],
    "flags": [ "SEES", "HEARS", "SMELLS", "CLIMBS", "STUMBLES", "PATH_AVOID_FIRE" ]
  },
  {
    "id": "mon_locust_mega",
    "type": "MONSTER",
    "name": { "str": "famine" },
    "description": "An enormous yellow and brown mutated locust with huge staring eyes and long powerful legs.",
    "copy-from": "mon_locust",
    "proportional": { "hp": 20, "speed": 0.25, "morale": 4, "dodge": 0.5, "vision_day": 2 },
    "volume": "625 L",
    "weight": "815 kg",
    "melee_dice": 2,
    "special_attacks": [ { "type": "leap", "cooldown": 2, "max_range": 4, "allow_no_target": true }, [ "EAT_CROP", 3 ], [ "SMASH", 30 ] ],
    "extend": { "flags": [ "DESTROYS", "PUSH_MON", "PUSH_VEH" ] }
  },
  {
    "id": "mon_locust_nymph",
    "type": "MONSTER",
    "name": { "str": "locust nymph" },
    "description": "A locust the size of a rabbit.  You'd hate to think what a swarm of these could do.",
    "default_faction": "locust",
    "bodytype": "flying insect",
    "species": [ "INSECT_FLYING" ],
    "volume": "750 ml",
    "weight": "1 kg",
    "hp": 5,
    "speed": 80,
    "material": [ "flesh" ],
    "symbol": "g",
    "color": "brown",
    "aggression": -99,
    "morale": -8,
    "melee_skill": 1,
    "melee_dice": 1,
    "melee_dice_sides": 3,
    "dodge": 3,
    "melee_cut": 0,
    "vision_day": 10,
    "harvest": "arachnid",
    "upgrades": { "age_grow": 10, "into": "mon_locust" },
    "death_function": [ "NORMAL" ],
    "special_attacks": [ { "type": "leap", "cooldown": 4, "max_range": 4, "allow_no_target": true }, [ "EAT_CROP", 120 ] ],
    "flags": [ "SEES", "HEARS", "SMELLS", "CLIMBS", "LARVA", "STUMBLES", "PATH_AVOID_FIRE" ]
  }
]
