[
  {
    "type": "furniture",
    "id": "f_egg_sackbw",
    "name": "spider egg sack",
    "description": "A sizable, off-white sac of large eggs.  Upon watching closer, you can see them moving slightly.  Gross.",
    "symbol": "O",
    "color": "white",
    "move_cost_mod": 3,
    "required_str": 6,
    "flags": [ "TRANSPARENT", "FLAMMABLE_ASH", "ORGANIC", "MOUNTABLE", "TINY" ],
    "examine_action": "egg_sackbw",
    "bash": { "str_min": 8, "str_max": 16, "sound": "splat!", "sound_fail": "whump.", "furn_set": "f_egg_sacke" }
  },
  {
    "type": "furniture",
    "id": "f_egg_sackcs",
    "name": "spider egg sack",
    "description": "A bulbous mass of off-white spider eggs.  Upon watching closer, you can see them moving a bit.  Really gross.",
    "symbol": "O",
    "color": "white",
    "move_cost_mod": 3,
    "required_str": 6,
    "flags": [ "TRANSPARENT", "FLAMMABLE_ASH", "ORGANIC", "MOUNTABLE", "TINY" ],
    "examine_action": "egg_sackcs",
    "bash": { "str_min": 8, "str_max": 16, "sound": "splat!", "sound_fail": "whump.", "furn_set": "f_egg_sacke" }
  },
  {
    "type": "furniture",
    "id": "f_egg_sackws",
    "name": "spider egg sack",
    "description": "A gigantic sac of spider's eggs, each one larger than your fist.  They're definitely moving around.  Really gross, just seeing it makes your skin crawl.",
    "symbol": "O",
    "color": "yellow",
    "move_cost_mod": 3,
    "required_str": 6,
    "flags": [ "TRANSPARENT", "FLAMMABLE_ASH", "ORGANIC", "MOUNTABLE", "TINY" ],
    "examine_action": "egg_sackws",
    "bash": { "str_min": 4, "str_max": 8, "sound": "splat!", "sound_fail": "whump.", "furn_set": "f_egg_sacke" }
  },
  {
    "type": "furniture",
    "id": "f_egg_sacke",
    "name": "ruptured egg sack",
    "description": "A disgusting ruptured sac of giant spider eggs.  The thought of all those massive baby spiders pouring out of it is almost terrifying on its own.",
    "symbol": "X",
    "color": "white",
    "move_cost_mod": 3,
    "required_str": 6,
    "flags": [ "TRANSPARENT", "CONTAINER", "FLAMMABLE_ASH", "ORGANIC", "MOUNTABLE", "TINY" ],
    "bash": { "str_min": 2, "str_max": 6, "sound": "splat!", "sound_fail": "whump." }
  }
]
